833,cycling
834,cycling
835,cycling
836,cycling
837,cycling
838,cycling
839,cycling
840,cycling
841,cycling
842,cycling
843,cycling
844,cycling
845,cycling
846,cycling
847,cycling
848,cycling
849,cycling
850,cycling
851,cycling
852,cycling
853,cycling
854,cycling
855,cycling
856,cycling
857,cycling
858,cycling
859,cycling
860,cycling
861,cycling
862,cycling
863,cycling
864,cycling
865,cycling
866,cycling
867,cycling
868,cycling
869,other
870,other
871,other
872,other
873,other
874,other
875,other
876,other
877,other
878,other
879,other
880,other
881,other
882,other
883,other
884,other
885,other
886,other
887,other
888,other
889,other
890,other
891,other
892,other
893,other
894,other
895,other
896,other
897,other
898,other
899,other
900,other
901,walking
902,walking
903,walking
904,walking
905,walking
906,walking
907,walking
908,walking
909,walking
910,walking
911,walking
912,walking
913,running
914,running
915,running
916,running
917,running
918,running
919,running
920,running
921,running
922,running
923,running
924,running
925,running
926,running
927,running
928,running
929,running
930,running
931,running
932,running
933,running
934,running
935,running
936,running
937,walking
938,walking
939,walking
940,walking
941,walking
942,walking
943,walking
944,walking
945,walking
946,walking
947,walking
948,walking
949,walking
950,walking
951,walking
952,walking
953,walking
954,walking
955,walking
956,walking
957,walking
958,walking
959,walking
960,walking
961,walking
962,walking
963,walking
964,walking
965,walking
966,walking
967,walking
968,walking
969,walking
970,walking
971,walking
972,walking
973,running
974,running
975,running
976,running
977,running
978,running
979,running
980,running
981,running
982,running
983,running
984,running
985,running
986,running
987,running
988,running
989,running
990,running
991,running
992,running
993,running
994,running
995,running
996,running
997,running
998,other
999,other
1000,other
1001,other
1002,other
1003,other
1004,other
1005,other
1006,other
1007,other
1008,other
1009,other
1010,other
1011,other
1012,other
1013,other
1014,other
1015,other
1016,other
1017,other
1018,other
1019,other
1020,other
1021,other
1022,other
1023,other
1024,other
1025,other
1026,other
1027,other
1028,other
1029,other
1030,other
1031,other
1032,other
1033,other
1034,walking
1035,walking
1036,walking
1037,walking
1038,walking
1039,walking
1040,walking
1041,walking
1042,walking
1043,walking
1044,walking
1045,walking
1046,walking
1047,walking
1048,walking
1049,walking
1050,walking
1051,walking
1052,walking
1053,walking
1054,walking
1055,walking
1056,walking
1057,walking
1058,walking
1059,walking
1060,walking
1061,walking
1062,walking
1063,walking
1064,walking
1065,walking
1066,walking
1067,walking
1068,walking
1069,walking
1070,walking
1071,walking
1072,walking
1073,walking
1074,walking
1075,walking
1076,walking
1077,walking
1078,walking
1079,walking
1080,walking
1081,walking
1082,walking
1083,walking
1084,walking
1085,walking
1086,walking
1087,walking
1088,walking
1089,walking
1090,walking
1091,walking
1092,walking
1093,walking
1094,walking
1095,walking
1096,walking
1097,walking
1098,walking
1099,walking
1100,walking
1101,walking
1102,walking
1103,walking
1104,walking
1105,walking
1106,other
1107,other
1108,other
1109,other
1110,other
1111,other
1112,other
1113,other
1114,other
1115,other
1116,other
1117,other
1118,other
1119,other
1120,other
1121,other
1122,other
1123,other
1124,other
1125,other
1126,other
1127,other
1128,other
1129,other
1130,other
1131,other
1132,other
1133,other
1134,other
1135,other
1136,other
1137,other
1138,other
1139,other
1140,other
1141,other
1142,other
1143,other
1144,other
1145,other
1146,other
1147,other
1148,other
1149,other
1150,other
1151,other
1152,other
1153,other
1154,other
1155,other
1156,other
1157,other
1158,other
1159,other
1160,other
1161,other
1162,other
1163,other
1164,other
1165,other
1166,other
1167,other
1168,other
1169,other
1170,walking
1171,walking
1172,walking
1173,walking
1174,walking
1175,walking
1176,walking
1177,walking
1178,walking
1179,walking
1180,walking
1181,walking
1182,walking
1183,walking
1184,walking
1185,walking
1186,walking
1187,walking
1188,walking
1189,walking
1190,walking
1191,walking
1192,walking
1193,walking
1194,walking
1195,walking
1196,walking
1197,walking
1198,walking
1199,walking
1200,walking
1201,walking
1202,walking
1203,walking
1204,walking
1205,walking
1206,other
1207,other
1208,other
1209,other
1210,other
1211,other
1212,other
1213,other
1214,other
1215,other
1216,other
1217,other
1218,other
1219,other
1220,other
1221,other
1222,other
1223,other
1224,other
1225,other
1226,other
1227,other
1228,other
1229,other
1230,other
1231,other
1232,other
1233,other
1234,other
1235,other
1236,other
1237,other
1238,other
1239,other
1240,other
1241,other
1242,other
1243,other
1244,other
1245,other
1246,other
1247,other
1248,other
1249,other
1250,other
1251,other
1252,other
1253,other
1254,other
1255,other
1256,other
1257,other
1258,other
1259,other
1260,other
1261,other
1262,other
1263,other
1264,other
1265,other
1266,other
1267,other
1268,other
1269,other
1270,other
1271,other
1272,other
1273,other
1274,other
1275,other
1276,other
1277,other
1278,other
1279,other
1280,other
1281,other
1282,other
1283,other
1284,other
1285,other
1286,other
1287,other
1288,other
1289,other
1290,other
1291,other
1292,other
1293,other
1294,other
1295,other
1296,other
1297,other
1298,other
1299,other
1300,other
1301,other
1302,other
1303,other
1304,other
1305,other
1306,other
1307,other
1308,other
1309,other
1310,other
1311,other
1312,other
1313,other
1314,other
1315,other
1316,other
1317,other
1318,other
1319,other
1320,other
1321,other
1322,other
1323,other
1324,other
1325,other
1326,other
1327,other
1328,other
1329,other
1330,other
1331,other
1332,other
1333,other
1334,other
1335,other
1336,other
1337,other
1338,other
1339,other
1340,other
1341,other
1342,other
1343,other
1344,other
1345,other
1346,other
1347,walking
1348,walking
1349,walking
1350,walking
1351,walking
1352,walking
1353,walking
1354,walking
1355,walking
1356,walking
1357,walking
1358,walking
1359,walking
1360,walking
1361,walking
1362,walking
1363,walking
1364,walking
1365,walking
1366,walking
1367,walking
1368,walking
1369,walking
1370,walking
1371,walking
1372,walking
1373,walking
1374,walking
1375,walking
1376,walking
1377,walking
1378,walking
1379,walking
1380,walking
1381,walking
1382,walking
1383,walking
1384,walking
1385,walking
1386,walking
1387,walking
1388,walking
1389,walking
1390,walking
1391,walking
1392,walking
1393,running
1394,running
1395,running
1396,running
1397,running
1398,running
1399,running
1400,running
1401,running
1402,running
1403,running
1404,running
1405,running
1406,running
1407,running
1408,running
1409,running
1410,running
1411,running
1412,running
1413,running
1414,running
1415,running
1416,running
1417,running
1418,other
1419,other
1420,other
1421,other
1422,other
1423,other
1424,other
1425,other
1426,other
1427,other
1428,other
1429,other
1430,other
1431,other
1432,other
1433,other
1434,other
1435,other
1436,other
1437,other
1438,other
1439,other
1440,other
1441,other
1442,other
1443,other
1444,other
1445,other
1446,other
1447,other
1448,other
1449,other
1450,other
1451,other
1452,other
1453,other
1454,other
1455,other
1456,other
1457,other
1458,other
1459,other
1460,other
1461,other
1462,other
1463,other
1464,other
1465,other
1466,other
1467,other
1468,other
1469,other
1470,other
1471,other
1472,other
1473,other
1474,other
1475,other
1476,other
1477,other
1478,other
1479,other
1480,other
1481,other
1482,other
1483,other
1484,other
1485,walking
1486,walking
1487,walking
1488,walking
1489,walking
1490,walking
1491,walking
1492,walking
1493,walking
1494,walking
1495,walking
1496,walking
1497,walking
1498,walking
1499,walking
1500,walking
1501,walking
1502,walking
1503,walking
1504,walking
1505,walking
1506,walking
1507,walking
1508,walking
1509,walking
1510,walking
1511,walking
1512,walking
1513,walking
1514,walking
1515,walking
1516,walking
1517,walking
1518,walking
1519,walking
1520,cycling
1521,cycling
1522,cycling
1523,cycling
1524,cycling
1525,cycling
1526,cycling
1527,cycling
1528,cycling
1529,cycling
1530,cycling
1531,cycling
1532,cycling
1533,cycling
1534,cycling
1535,cycling
1536,cycling
1537,cycling
1538,cycling
1539,cycling
1540,cycling
1541,cycling
1542,cycling
1543,cycling
1544,cycling
1545,cycling
1546,cycling
1547,cycling
1548,cycling
1549,cycling
1550,cycling
1551,cycling
1552,cycling
1553,cycling
1554,cycling
1555,cycling
1556,other
1557,walking
1558,walking
1559,walking
1560,walking
1561,walking
1562,walking
1563,walking
1564,walking
1565,walking
1566,walking
1567,walking
1568,walking
1569,walking
1570,walking
1571,walking
1572,walking
1573,walking
1574,walking
1575,walking
1576,walking
1577,walking
1578,walking
1579,walking
1580,walking
1581,walking
1582,walking
1583,walking
1584,walking
1585,walking
1586,walking
1587,walking
1588,walking
1589,walking
1590,walking
1591,walking
1592,other
1593,other
1594,other
1595,other
1596,other
1597,other
1598,other
1599,other
1600,other
1601,other
1602,other
1603,other
1604,other
1605,other
1606,other
1607,other
1608,other
1609,other
1610,other
1611,other
1612,other
1613,other
1614,other
1615,other
1616,other
1617,other
1618,other
1619,other
1620,other
1621,other
1622,other
1623,other
1624,other
1625,other
1626,other
1627,other
1628,other
1629,walking
1630,walking
1631,walking
1632,walking
1633,walking
1634,walking
1635,walking
1636,walking
1637,walking
1638,walking
1639,walking
1640,walking
1641,walking
1642,walking
1643,walking
1644,walking
1645,walking
1646,walking
1647,walking
1648,walking
1649,walking
1650,walking
1651,walking
1652,walking
1653,walking
1654,walking
1655,walking
1656,walking
1657,walking
1658,walking
1659,walking
1660,walking
1661,walking
1662,walking
1663,walking
1664,other
1665,other
1666,other
1667,other
1668,other
1669,other
1670,other
1671,other
1672,other
1673,other
1674,other
1675,other
1676,other
1677,other
1678,other
1679,other
1680,other
1681,other
1682,other
1683,other
1684,other
1685,other
1686,other
1687,other
1688,other
1689,other
1690,other
1691,other
1692,other
1693,other
1694,other
1695,other
1696,other
1697,other
1698,other
1699,other
1700,other
1701,other
1702,other
1703,other
1704,other
1705,other
1706,other
1707,other
1708,other
1709,other
1710,other
1711,other
1712,other
1713,other
1714,other
1715,other
1716,other
1717,other
1718,other
1719,other
1720,other
1721,other
1722,other
1723,other
1724,other
1725,other
1726,other
1727,other
1728,other
1729,other
1730,other
1731,other
1732,other
1733,other
1734,other
1735,other
1736,other
1737,other
1738,other
1739,other
1740,other
1741,other
1742,other
1743,other
1744,other
1745,other
1746,other
1747,other
1748,other
1749,other
1750,other
1751,other
1752,other
1753,other
1754,other
1755,other
1756,other
1757,other
1758,other
1759,other
1760,other
1761,other
1762,other
1763,other
1764,other
1765,other
1766,other
1767,other
1768,other
1769,other
1770,other
1771,other
1772,other
1773,other
1774,other
1775,other
1776,other
1777,other
1778,other
1779,other
1780,other
1781,other
1782,other
1783,other
1784,other
1785,other
1786,other
1787,other
1788,other
1789,other
1790,other
1791,other
1792,other
1793,other
1794,other
1795,other
1796,other
1797,other
1798,other
1799,other
1800,other
1801,other
1802,running
1803,running
1804,running
1805,running
1806,running
1807,running
1808,running
1809,running
1810,running
1811,running
1812,running
1813,running
1814,running
1815,running
1816,running
1817,running
1818,running
1819,running
1820,running
1821,running
1822,running
1823,running
1824,other
1825,other
1826,other
1827,other
1828,other
1829,other
1830,other
1831,other
1832,other
1833,other
1834,other
1835,other
1836,other
1837,other
1838,other
1839,other
1840,other
1841,other
1842,other
1843,other
1844,other
1845,other
1846,other
1847,other
1848,other
1849,other
1850,other
1851,other
1852,other
1853,other
1854,other
1855,other
1856,other
1857,other
1858,other
1859,other
1860,walking
1861,walking
1862,walking
1863,walking
1864,walking
1865,walking
1866,walking
1867,walking
1868,walking
1869,walking
1870,walking
1871,walking
1872,walking
1873,walking
1874,walking
1875,walking
1876,walking
1877,walking
1878,walking
1879,walking
1880,walking
1881,walking
1882,running
1883,running
1884,running
1885,running
1886,running
1887,running
1888,running
1889,running
1890,running
1891,running
1892,running
1893,running
1894,running
1895,running
1896,other
1897,other
1898,other
1899,other
1900,other
1901,other
1902,other
1903,other
1904,other
1905,other
1906,other
1907,other
1908,other
1909,other
1910,other
1911,other
1912,other
1913,other
1914,other
1915,other
1916,other
1917,other
1918,other
1919,other
1920,other
1921,other
1922,other
1923,other
1924,other
1925,other
1926,other
1927,other
1928,other
1929,other
1930,other
1931,other
1932,other
1933,other
1934,other
1935,other
1936,other
1937,other
1938,other
1939,other
1940,other
1941,other
1942,other
1943,other
1944,other
1945,other
1946,other
1947,other
1948,other
1949,other
1950,other
1951,other
1952,other
1953,other
1954,other
1955,other
1956,other
1957,other
1958,other
1959,other
1960,other
1961,other
1962,other
1963,other
1964,other
1965,other
1966,other
1967,other
1968,other
1969,other
1970,other
1971,other
1972,other
1973,other
1974,other
1975,other
1976,other
1977,other
1978,other
1979,other
1980,other
1981,other
1982,other
1983,other
1984,other
1985,other
1986,other
1987,other
1988,other
1989,other
1990,other
1991,other
1992,other
1993,other
1994,other
1995,other
1996,other
1997,other
1998,other
1999,other
2000,other
2001,other
2002,other
2003,other
2004,other
2005,other
2006,other
2007,other
2008,other
2009,other
2010,other
2011,other
2012,other
2013,other
2014,other
2015,other
2016,other
2017,other
2018,other
2019,other
2020,other
2021,other
2022,other
2023,other
2024,other
2025,other
2026,other
2027,other
2028,other
2029,other
2030,other
2031,other
2032,other
2033,other
2034,other
2035,other
2036,other
2037,other
2038,other
2039,other
2040,other
2041,other
2042,other
2043,other
2044,other
2045,other
2046,other
2047,other
2048,other
2049,other
2050,other
2051,other
2052,other
2053,other
2054,other
2055,other
2056,other
2057,other
2058,other
2059,other
2060,other
2061,other
2062,other
2063,other
2064,other
2065,other
2066,other
2067,other
2068,other
2069,other
2070,other
2071,other
2072,other
2073,other
2074,other
2075,other
2076,other
2077,other
2078,other
2079,other
2080,other
2081,other
2082,other
2083,other
2084,other
2085,other
2086,other
2087,other
2088,other
2089,other
2090,other
2091,running
2092,running
2093,running
2094,running
2095,running
2096,running
2097,running
2098,running
2099,running
2100,running
2101,running
2102,running
2103,running
2104,running
2105,running
2106,running
2107,running
2108,running
2109,running
2110,running
2111,running
2112,running
2113,running
2114,running
2115,running
2116,running
2117,running
2118,running
2119,running
2120,running
2121,running
2122,running
2123,running
2124,running
2125,cycling
2126,cycling
2127,cycling
2128,cycling
2129,cycling
2130,cycling
2131,cycling
2132,cycling
2133,cycling
2134,cycling
2135,cycling
2136,cycling
2137,cycling
2138,cycling
2139,cycling
2140,cycling
2141,cycling
2142,cycling
2143,cycling
2144,cycling
2145,cycling
2146,cycling
2147,cycling
2148,cycling
2149,cycling
2150,cycling
2151,cycling
2152,cycling
2153,cycling
2154,cycling
2155,cycling
2156,cycling
2157,cycling
2158,cycling
2159,cycling
2160,cycling
2161,other
2162,other
2163,other
2164,other
2165,other
2166,other
2167,other
2168,other
2169,other
2170,other
2171,other
2172,other
2173,other
2174,other
2175,other
2176,other
2177,other
2178,other
2179,other
2180,other
2181,other
2182,other
2183,other
2184,other
2185,other
2186,other
2187,other
2188,other
2189,other
2190,other
2191,other
2192,other
2193,other
2194,other
2195,other
2196,other
2197,other
2198,other
2199,other
2200,other
2201,other
2202,other
2203,other
2204,other
2205,other
2206,other
2207,other
2208,other
2209,other
2210,other
2211,other
2212,other
2213,other
2214,other
2215,other
2216,other
2217,other
2218,other
2219,other
2220,other
2221,other
2222,other
2223,other
2224,other
2225,other
2226,other
2227,other
2228,other
2229,other
2230,other
2231,other
2232,other
2233,other
2234,other
2235,other
2236,other
2237,other
2238,other
2239,other
2240,other
2241,other
2242,other
2243,other
2244,other
2245,other
2246,other
2247,other
2248,other
2249,other
2250,other
2251,other
2252,other
2253,other
2254,other
2255,other
2256,other
2257,other
2258,other
2259,other
2260,other
2261,other
2262,other
2263,other
2264,other
2265,other
2266,other
2267,other
2268,other
2269,other
2270,other
2271,other
2272,other
2273,other
2274,other
2275,other
2276,other
2277,other
2278,other
2279,other
2280,other
2281,other
2282,other
2283,other
2284,other
2285,other
2286,other
2287,other
2288,other
2289,other
2290,other
2291,other
2292,other
2293,other
2294,other
2295,other
2296,other
2297,other
2298,other
2299,other
2300,other
2301,other
2302,other
2303,other
2304,other
2305,other
2306,other
2307,other
2308,other
2309,other
2310,other
2311,other
2312,other
2313,other
2314,other
2315,other
2316,other
2317,other
2318,other
2319,other
2320,other
2321,other
2322,other
2323,other
2324,other
2325,other
2326,other
2327,other
2328,other
2329,other
2330,other
2331,other
2332,other
2333,other
2334,other
2335,other
2336,other
2337,other
2338,other
2339,other
2340,other
2341,other
2342,other
2343,other
2344,other
2345,other
2346,other
2347,other
2348,other
2349,other
2350,other
2351,other
2352,other
2353,other
2354,other
2355,other
2356,other
2357,other
2358,other
2359,other
2360,other
2361,other
2362,other
2363,other
2364,other
2365,other
2366,other
2367,other
2368,other
2369,other
2370,other
2371,other
2372,other
2373,other
2374,other
2375,other
2376,other
2377,other
2378,other
2379,other
2380,other
2381,other
2382,other
2383,other
2384,other
2385,other
2386,other
2387,other
2388,other
2389,other
2390,other
2391,other
2392,other
2393,other
2394,other
2395,other
2396,other
2397,other
2398,other
2399,other
2400,other
2401,other
2402,other
2403,other
2404,other
2405,other
2406,other
2407,other
2408,other
2409,other
2410,other
2411,other
2412,other
2413,other
2414,other
2415,other
2416,other
2417,other
2418,other
2419,other
2420,other
2421,other
2422,other
2423,other
2424,other
2425,other
2426,other
2427,other
2428,other
2429,other
2430,other
2431,other
2432,other
2433,other
2434,other
2435,other
2436,other
2437,other
2438,other
2439,other
2440,other
2441,other
2442,other
2443,other
2444,other
2445,other
2446,walking
2447,walking
2448,walking
2449,walking
2450,walking
2451,walking
2452,walking
2453,walking
2454,walking
2455,walking
2456,walking
2457,walking
2458,walking
2459,walking
2460,walking
2461,walking
2462,walking
2463,walking
2464,walking
2465,walking
2466,walking
2467,walking
2468,walking
2469,walking
2470,walking
2471,walking
2472,walking
2473,walking
2474,walking
2475,walking
2476,walking
2477,walking
2478,other
2479,other
2480,other
2481,other
2482,other
2483,other
2484,other
2485,other
2486,other
2487,other
2488,other
2489,other
2490,other
2491,other
2492,other
2493,other
2494,other
2495,other
2496,other
2497,other
2498,other
2499,other
2500,other
2501,other
2502,other
2503,other
2504,other
2505,other
2506,other
2507,other
2508,other
2509,other
2510,other
2511,other
2512,other
2513,other
2514,other
2515,other
2516,other
2517,other
2518,walking
2519,walking
2520,walking
2521,walking
2522,walking
2523,walking
2524,walking
2525,walking
2526,walking
2527,walking
2528,walking
2529,walking
2530,walking
2531,walking
2532,walking
2533,walking
2534,walking
2535,walking
2536,walking
2537,walking
2538,walking
2539,walking
2540,walking
2541,walking
2542,walking
2543,walking
2544,walking
2545,walking
2546,walking
2547,walking
2548,walking
2549,walking
2550,other
2551,other
2552,other
2553,other
2554,walking
2555,walking
2556,walking
2557,walking
2558,walking
2559,walking
2560,walking
2561,walking
2562,walking
2563,walking
2564,walking
2565,walking
2566,walking
2567,walking
2568,walking
2569,walking
2570,walking
2571,walking
2572,walking
2573,walking
2574,walking
2575,walking
2576,walking
2577,walking
2578,walking
2579,walking
2580,walking
2581,walking
2582,walking
2583,walking
2584,walking
2585,walking
2586,walking
2587,walking
2588,walking
2589,walking
2590,walking
2591,walking
2592,walking
2593,walking
2594,walking
2595,walking
2596,walking
2597,walking
2598,running
2599,running
2600,running
2601,running
2602,running
2603,running
2604,running
2605,running
2606,running
2607,running
2608,running
2609,running
2610,running
2611,running
2612,running
2613,running
2614,running
2615,running
2616,running
2617,running
2618,running
2619,running
2620,running
2621,running
2622,other
2623,other
2624,other
2625,other
2626,other
2627,other
2628,other
2629,other
2630,other
2631,other
2632,other
2633,other
2634,other
2635,other
2636,other
2637,other
2638,other
2639,other
2640,other
2641,other
2642,other
2643,other
2644,other
2645,other
2646,other
2647,other
2648,other
2649,other
2650,other
2651,other
2652,other
2653,other
2654,other
2655,other
2656,other
2657,other
2658,other
2659,other
2660,other
2661,other
2662,walking
2663,walking
2664,walking
2665,walking
2666,walking
2667,walking
2668,walking
2669,walking
2670,walking
2671,walking
2672,walking
2673,walking
2674,walking
2675,walking
2676,walking
2677,walking
2678,walking
2679,walking
2680,walking
2681,walking
2682,walking
2683,walking
2684,walking
2685,walking
2686,walking
2687,walking
2688,walking
2689,walking
2690,walking
2691,walking
2692,walking
2693,walking
2694,walking
2695,other
2696,other
2697,other
2698,other
2699,other
2700,other
2701,other
2702,other
2703,other
2704,other
2705,other
2706,other
2707,other
2708,other
2709,other
2710,other
2711,other
2712,other
2713,other
2714,other
2715,other
2716,other
2717,other
2718,other
2719,other
2720,other
2721,other
2722,other
2723,other
2724,other
2725,other
2726,walking
2727,walking
2728,other
2729,other
2730,other
2731,other
2732,other
2733,other
2734,other
2735,other
2736,other
2737,other
2738,other
2739,other
2740,other
2741,other
2742,other
2743,other
2744,other
2745,other
2746,other
2747,other
2748,other
2749,other
2750,other
2751,other
2752,other
2753,other
2754,other
2755,other
2756,other
2757,other
2758,other
2759,other
2760,other
2761,other
2762,other
2763,other
2764,other
2765,other
2766,other
2767,other
2768,other
2769,other
2770,other
2771,other
2772,other
2773,other
2774,other
2775,other
2776,other
2777,other
2778,other
2779,other
2780,other
2781,other
2782,other
2783,other
2784,other
2785,other
2786,other
2787,other
2788,other
2789,other
2790,other
2791,other
2792,other
2793,other
2794,other
2795,walking
2796,walking
2797,other
2798,other
2799,other
2800,other
2801,other
2802,other
2803,other
2804,other
2805,other
2806,other
2807,other
2808,other
2809,other
2810,other
2811,other
2812,other
2813,other
2814,other
2815,other
2816,other
2817,other
2818,other
2819,other
2820,other
2821,other
2822,other
2823,other
2824,other
2825,other
2826,other
2827,other
2828,walking
2829,walking
2830,walking
2831,walking
2832,walking
2833,walking
2834,walking
2835,walking
2836,walking
2837,walking
2838,walking
2839,walking
2840,walking
2841,running
2842,running
2843,running
2844,running
2845,running
2846,running
2847,running
2848,running
2849,running
2850,running
2851,running
2852,running
2853,running
2854,running
2855,running
2856,running
2857,running
2858,running
2859,running
2860,running
2861,running
2862,running
2863,running
2864,running
2865,running
2866,other
2867,other
2868,other
2869,other
2870,other
2871,other
2872,other
2873,other
2874,other
2875,other
2876,other
2877,other
2878,other
2879,other
2880,other
2881,other
2882,other
2883,other
2884,other
2885,other
2886,other
2887,other
2888,other
2889,other
2890,other
2891,other
2892,other
2893,other
2894,other
2895,other
2896,other
2897,other
2898,other
2899,other
2900,other
2901,other
2902,other
2903,other
2904,other
2905,other
2906,other
2907,other
2908,other
2909,other
2910,other
2911,other
2912,other
2913,other
2914,other
2915,other
2916,other
2917,other
2918,other
2919,other
2920,other
2921,other
2922,other
2923,other
2924,other
2925,other
2926,other
2927,other
2928,other
2929,other
2930,other
2931,other
2932,other
2933,walking
2934,walking
2935,running
2936,running
2937,running
2938,running
2939,running
2940,running
2941,running
2942,running
2943,running
2944,running
2945,running
2946,running
2947,running
2948,running
2949,running
2950,running
2951,running
2952,running
2953,running
2954,running
2955,running
2956,running
2957,running
2958,running
2959,running
2960,other
2961,other
2962,other
2963,other
2964,other
2965,other
2966,other
2967,other
2968,other
2969,other
2970,other
2971,other
2972,other
2973,other
2974,other
2975,other
2976,other
2977,other
2978,other
2979,other
2980,other
2981,other
2982,other
2983,other
2984,other
2985,other
2986,other
2987,other
2988,other
2989,other
2990,other
2991,other
2992,other
2993,other
2994,other
2995,other
2996,other
2997,other
2998,other
2999,other
3000,other
3001,other
3002,other
3003,other
3004,other
3005,other
3006,other
3007,walking
3008,walking
3009,walking
3010,walking
3011,walking
3012,walking
3013,walking
3014,walking
3015,walking
3016,walking
3017,walking
3018,walking
3019,walking
3020,walking
3021,walking
3022,walking
3023,walking
3024,walking
3025,walking
3026,walking
3027,walking
3028,walking
3029,walking
3030,walking
3031,walking
3032,walking
3033,walking
3034,walking
3035,walking
3036,walking
3037,walking
3038,walking
3039,walking
3040,walking
3041,walking
3042,walking
3043,other
3044,other
3045,other
3046,other
3047,other
3048,other
3049,other
3050,other
3051,other
3052,other
3053,other
3054,other
3055,other
3056,other
3057,other
3058,other
3059,other
3060,other
3061,other
3062,other
3063,other
3064,other
3065,other
3066,other
3067,other
3068,other
3069,other
3070,other
3071,other
3072,other
3073,other
3074,other
3075,other
3076,other
3077,other
3078,other
3079,other
4647,other
4648,other
4649,other
4650,other
4651,other
4652,other
4653,other
4654,other
4655,other
4656,other
4657,other
4658,other
4659,other
4660,other
4661,other
4662,other
4663,other
4664,other
4665,other
4666,other
4667,other
4668,other
4669,other
4670,other
4671,other
4672,other
4673,other
4674,other
4675,other
4676,other
4677,other
4678,other
4679,other
4680,other
4681,other
4682,other
4683,other
4684,other
4685,other
4686,other
4687,other
4688,other
4689,other
4690,other
4691,other
4692,other
4693,other
4694,other
4695,other
4696,other
4697,other
4698,other
4699,other
4700,other
4701,other
4702,other
4703,other
4704,other
4705,other
4706,other
4707,other
4708,other
4709,other
4710,other
4711,other
4712,other
4713,other
4714,other
4715,other
4716,other
4717,other
4718,other
4719,walking
4720,walking
4721,walking
4722,walking
4723,walking
4724,walking
4725,walking
4726,walking
4727,walking
4728,walking
4729,walking
4730,walking
4731,running
4732,running
4733,running
4734,running
4735,running
4736,running
4737,running
4738,running
4739,running
4740,running
4741,running
4742,running
4743,running
4744,running
4745,running
4746,running
4747,running
4748,running
4749,running
4750,running
4751,running
4752,running
4753,running
4754,running
4755,walking
4756,walking
4757,walking
4758,walking
4759,walking
4760,walking
4761,walking
4762,walking
4763,walking
4764,walking
4765,walking
4766,walking
4767,walking
4768,walking
4769,walking
4770,walking
4771,walking
4772,walking
4773,walking
4774,walking
4775,walking
4776,walking
4777,walking
4778,walking
4779,walking
4780,walking
4781,walking
4782,walking
4783,walking
4784,walking
4785,walking
4786,walking
4787,walking
4788,walking
4789,walking
4790,walking
4791,cycling
4792,cycling
4793,cycling
4794,cycling
4795,cycling
4796,cycling
4797,cycling
4798,cycling
4799,cycling
4800,cycling
4801,cycling
4802,cycling
4803,cycling
4804,cycling
4805,cycling
4806,cycling
4807,cycling
4808,cycling
4809,cycling
4810,cycling
4811,cycling
4812,cycling
4813,cycling
4814,cycling
4815,cycling
4816,cycling
4817,cycling
4818,cycling
4819,cycling
4820,cycling
4821,cycling
4822,cycling
4823,cycling
4824,cycling
4825,cycling
4826,cycling
4827,running
4828,running
4829,running
4830,running
4831,running
4832,running
4833,running
4834,running
4835,running
4836,running
4837,running
4838,running
4839,running
4840,running
4841,running
4842,running
4843,running
4844,running
4845,running
4846,running
4847,running
4848,running
4849,running
4850,running
4851,running
4852,other
4853,other
4854,other
4855,other
4856,other
4857,other
4858,other
4859,other
4860,other
4861,other
4862,other
4863,other
4864,other
4865,other
4866,other
4867,other
4868,other
4869,other
4870,other
4871,other
4872,other
4873,other
4874,other
4875,other
4876,other
4877,other
4878,other
4879,other
4880,other
4881,other
4882,other
4883,other
4884,other
4885,other
4886,other
4887,other
4888,other
4889,other
4890,other
4891,other
4892,other
4893,other
4894,other
4895,other
4896,other
4897,other
4898,other
4899,other
4900,other
4901,other
4902,other
4903,other
4904,other
4905,other
4906,other
4907,other
4908,other
4909,other
4910,other
4911,other
4912,other
4913,other
4914,other
4915,other
4916,other
4917,other
4918,other
4919,other
4920,other
4921,other
4922,other
4923,other
4924,other
4925,other
4926,other
4927,other
4928,other
4929,other
4930,other
4931,other
4932,other
4933,other
4934,other
4935,other
4936,other
4937,other
4938,other
4939,other
4940,other
4941,other
4942,other
4943,other
4944,other
4945,other
4946,other
4947,other
4948,other
4949,other
4950,other
4951,other
4952,other
4953,other
4954,other
4955,other
4956,other
4957,other
4958,other
4959,other
4960,other
4961,other
4962,other
4963,other
4964,other
4965,other
4966,other
4967,other
4968,other
4969,other
4970,other
4971,other
4972,other
4973,other
4974,other
4975,other
4976,other
4977,other
4978,other
4979,other
4980,other
4981,other
4982,other
4983,other
4984,other
4985,other
4986,other
4987,other
4988,other
4989,other
4990,other
4991,other
4992,other
4993,other
4994,other
4995,other
4996,walking
4997,walking
4998,walking
4999,walking
5000,walking
5001,walking
5002,walking
5003,walking
5004,walking
5005,walking
5006,walking
5007,walking
5008,walking
5009,walking
5010,walking
5011,walking
5012,walking
5013,walking
5014,walking
5015,walking
5016,walking
5017,walking
5018,walking
5019,walking
5020,walking
5021,walking
5022,walking
5023,walking
5024,walking
5025,walking
5026,walking
5027,walking
5028,walking
5029,walking
5030,walking
5031,walking
5032,other
5033,other
5034,other
5035,other
5036,other
5037,other
5038,other
5039,other
5040,other
5041,other
5042,other
5043,other
5044,other
5045,other
5046,other
5047,other
5048,other
5049,other
5050,other
5051,other
5052,other
5053,other
5054,other
5055,other
5056,other
5057,other
5058,other
5059,other
5060,other
5061,other
5062,other
5063,other
5064,other
5065,other
5066,other
5067,other
5068,walking
5069,walking
5070,walking
5071,walking
5072,walking
5073,walking
5074,walking
5075,walking
5076,walking
5077,walking
5078,walking
5079,walking
5080,walking
5081,walking
5082,walking
5083,walking
5084,walking
5085,walking
5086,walking
5087,walking
5088,walking
5089,walking
5090,walking
5091,walking
5092,walking
5093,walking
5094,walking
5095,walking
5096,walking
5097,walking
5098,walking
5099,walking
5100,walking
5101,walking
5102,walking
5103,walking
5104,walking
5105,walking
5106,walking
5107,walking
5108,walking
5109,walking
5110,walking
5111,walking
5112,walking
5113,walking
5114,walking
5115,walking
5116,walking
5117,walking
5118,walking
5119,walking
5120,walking
5121,walking
5122,walking
5123,walking
5124,walking
5125,walking
5126,walking
5127,walking
5128,walking
5129,walking
5130,walking
5131,walking
5132,walking
5133,walking
5134,walking
5135,walking
5136,walking
5137,walking
5138,walking
5139,walking
5140,other
5141,other
5142,other
5143,other
5144,other
5145,other
5146,other
5147,other
5148,other
5149,other
5150,other
5151,other
5152,other
5153,other
5154,other
5155,other
5156,other
5157,other
5158,other
5159,other
5160,other
5161,other
5162,other
5163,other
5164,other
5165,other
5166,other
5167,other
5168,other
5169,other
5170,other
5171,other
5172,other
5173,other
5174,other
5175,other
5176,other
5177,other
5178,other
5179,other
5180,other
5181,other
5182,other
5183,other
5184,other
5185,other
5186,other
5187,other
5188,other
5189,other
5190,other
5191,other
5192,other
5193,other
5194,other
5195,other
5196,other
5197,other
5198,other
5199,other
5200,other
5201,other
5202,other
5203,other
5204,other
5205,other
5206,other
5207,other
5208,other
5209,other
5210,other
5211,cycling
5212,cycling
5213,cycling
5214,cycling
5215,cycling
5216,cycling
5217,cycling
5218,cycling
5219,cycling
5220,cycling
5221,cycling
5222,cycling
5223,cycling
5224,cycling
5225,cycling
5226,cycling
5227,cycling
5228,cycling
5229,cycling
5230,cycling
5231,cycling
5232,cycling
5233,cycling
5234,cycling
5235,cycling
5236,cycling
5237,cycling
5238,cycling
5239,cycling
5240,cycling
5241,cycling
5242,cycling
5243,cycling
5244,cycling
5245,cycling
5246,cycling
5247,other
5248,walking
5249,walking
5250,walking
5251,walking
5252,walking
5253,walking
5254,walking
5255,walking
5256,walking
5257,walking
5258,walking
5259,walking
5260,walking
5261,walking
5262,walking
5263,walking
5264,walking
5265,walking
5266,walking
5267,walking
5268,walking
5269,walking
5270,walking
5271,walking
5272,walking
5273,walking
5274,walking
5275,walking
5276,walking
5277,walking
5278,walking
5279,walking
5280,walking
5281,walking
5282,walking
5283,other
5284,other
5285,other
5286,other
5287,other
5288,other
5289,other
5290,other
5291,other
5292,other
5293,other
5294,other
5295,other
5296,other
5297,other
5298,other
5299,other
5300,other
5301,other
5302,other
5303,other
5304,other
5305,other
5306,other
5307,other
5308,other
5309,other
5310,other
5311,other
5312,other
5313,other
5314,other
5315,other
5316,other
5317,other
5318,other
5319,other
5320,walking
5321,walking
5322,walking
5323,walking
5324,walking
5325,walking
5326,walking
5327,walking
5328,walking
5329,walking
5330,walking
5331,walking
5332,walking
5333,walking
5334,walking
5335,walking
5336,walking
5337,walking
5338,walking
5339,walking
5340,walking
5341,walking
5342,walking
5343,walking
5344,walking
5345,walking
5346,walking
5347,walking
5348,walking
5349,walking
5350,walking
5351,walking
5352,walking
5353,walking
5354,walking
5355,other
5356,other
5357,other
5358,other
5359,other
5360,other
5361,other
5362,other
5363,other
5364,other
5365,other
5366,other
5367,other
5368,other
5369,other
5370,other
5371,other
5372,other
5373,other
5374,other
5375,other
5376,other
5377,other
5378,other
5379,other
5380,other
5381,other
5382,other
5383,other
5384,other
5385,other
5386,other
5387,other
5388,other
5389,other
5390,other
5391,other
5392,walking
5393,walking
5394,walking
5395,walking
5396,walking
5397,walking
5398,walking
5399,walking
5400,walking
5401,walking
5402,walking
5403,walking
5404,walking
5405,walking
5406,walking
5407,walking
5408,walking
5409,walking
5410,walking
5411,walking
5412,walking
5413,walking
5414,walking
5415,walking
5416,walking
5417,walking
5418,walking
5419,walking
5420,walking
5421,walking
5422,walking
5423,walking
5424,walking
5425,walking
5426,walking
5427,walking
5428,walking
5429,walking
5430,walking
5431,walking
5432,walking
5433,walking
5434,walking
5435,walking
5436,walking
5437,walking
5438,running
5439,running
5440,running
5441,running
5442,running
5443,running
5444,running
5445,running
5446,running
5447,running
5448,running
5449,running
5450,running
5451,running
5452,running
5453,running
5454,running
5455,running
5456,running
5457,running
5458,running
5459,running
5460,running
5461,running
5462,running
5463,other
5464,other
5465,other
5466,other
5467,other
5468,other
5469,other
5470,other
5471,other
5472,other
5473,other
5474,other
5475,other
5476,other
5477,other
5478,other
5479,other
5480,other
5481,other
5482,other
5483,other
5484,other
5485,other
5486,other
5487,other
5488,other
5489,other
5490,other
5491,other
5492,other
5493,other
5494,other
5495,other
5496,other
5497,other
5498,other
5499,other
5500,other
5501,other
5502,other
5503,other
5504,other
5505,other
5506,other
5507,other
5508,other
5509,other
5510,other
5511,other
5512,other
5513,other
5514,other
5515,other
5516,other
5517,other
5518,other
5519,other
5520,other
5521,other
5522,other
5523,other
5524,other
5525,other
5526,other
5527,other
5528,other
5529,other
5530,other
5531,other
5532,other
5533,other
5534,other
5535,other
5536,other
5537,other
5538,other
5539,other
5540,other
5541,other
5542,other
5543,other
5544,other
5545,other
5546,other
5547,other
5548,other
5549,other
5550,other
5551,other
5552,other
5553,other
5554,other
5555,other
5556,other
5557,other
5558,other
5559,other
5560,other
5561,other
5562,other
5563,other
5564,other
5565,other
5566,other
5567,other
5568,other
5569,running
5570,running
5571,running
5572,running
5573,running
5574,running
5575,running
5576,running
5577,running
5578,running
5579,running
5580,running
5581,running
5582,running
5583,running
5584,running
5585,running
5586,running
5587,running
5588,running
5589,running
5590,running
5591,other
5592,other
5593,other
5594,other
5595,other
5596,other
5597,other
5598,other
5599,other
5600,other
5601,other
5602,other
5603,other
5604,other
5605,other
5606,other
5607,other
5608,other
5609,other
5610,other
5611,other
5612,other
5613,other
5614,other
5615,other
5616,other
5617,other
5618,other
5619,other
5620,other
5621,other
5622,other
5623,other
5624,other
5625,other
5626,other
5627,walking
5628,walking
5629,walking
5630,walking
5631,walking
5632,walking
5633,walking
5634,walking
5635,walking
5636,walking
5637,walking
5638,walking
5639,walking
5640,walking
5641,walking
5642,walking
5643,walking
5644,walking
5645,walking
5646,walking
5647,walking
5648,walking
5649,walking
5650,walking
5651,walking
5652,walking
5653,walking
5654,walking
5655,walking
5656,walking
5657,walking
5658,walking
5659,walking
5660,walking
5661,walking
5662,walking
5663,other
5664,other
5665,other
5666,other
5667,other
5668,other
5669,other
5670,other
5671,other
5672,other
5673,other
5674,other
5675,other
5676,other
5677,other
5678,other
5679,other
5680,other
5681,other
5682,other
5683,other
5684,other
5685,other
5686,other
5687,other
5688,other
5689,other
5690,other
5691,other
5692,other
5693,other
5694,other
5695,other
5696,other
5697,other
5698,cycling
5699,cycling
5700,cycling
5701,cycling
5702,cycling
5703,cycling
5704,cycling
5705,cycling
5706,cycling
5707,cycling
5708,cycling
5709,cycling
5710,cycling
5711,cycling
5712,cycling
5713,cycling
5714,cycling
5715,cycling
5716,cycling
5717,cycling
5718,cycling
5719,cycling
5720,cycling
5721,cycling
5722,cycling
5723,cycling
5724,cycling
5725,cycling
5726,cycling
5727,cycling
5728,cycling
5729,cycling
5730,cycling
5731,cycling
5732,cycling
5733,cycling
5734,other
5735,other
5736,other
5737,other
5738,other
5739,other
5740,other
5741,other
5742,other
5743,other
5744,other
5745,other
5746,other
5747,other
5748,other
5749,other
5750,other
5751,other
5752,other
5753,other
5754,other
5755,other
5756,other
5757,other
5758,other
5759,other
5760,other
5761,other
5762,other
5763,other
5764,other
5765,other
5766,other
5767,other
5768,other
5769,other
5770,running
5771,running
5772,running
5773,running
5774,running
5775,running
5776,running
5777,running
5778,running
5779,running
5780,running
5781,running
5782,running
5783,running
5784,running
5785,running
5786,running
5787,running
5788,running
5789,other
5790,other
5791,other
5792,other
5793,other
5794,other
5795,other
5796,other
5797,other
5798,other
5799,other
5800,other
5801,other
5802,other
5803,other
5804,other
5805,other
5806,other
5807,other
5808,other
5809,other
5810,other
5811,other
5812,other
5813,other
5814,other
5815,other
5816,other
5817,walking
5818,walking
5819,walking
5820,walking
5821,walking
5822,other
5823,other
5824,other
5825,other
5826,other
5827,other
5828,other
5829,other
5830,other
5831,other
5832,other
5833,other
5834,other
5835,other
5836,other
5837,other
5838,other
5839,other
5840,other
5841,other
5842,other
5843,other
5844,other
5845,other
5846,other
5847,other
5848,other
5849,other
5850,walking
5851,walking
5852,walking
5853,walking
5854,walking
5855,walking
5856,walking
5857,walking
5858,walking
5859,walking
5860,walking
5861,walking
5862,walking
5863,walking
5864,walking
5865,walking
5866,walking
5867,walking
5868,walking
5869,walking
5870,walking
5871,walking
5872,walking
5873,walking
5874,walking
5875,walking
5876,walking
5877,walking
5878,walking
5879,walking
5880,walking
5881,walking
5882,walking
5883,walking
5884,walking
5885,walking
5886,walking
5887,walking
5888,walking
5889,walking
5890,walking
5891,other
5892,other
5893,other
5894,other
5895,other
5896,other
5897,other
5898,other
5899,other
5900,other
5901,other
5902,other
5903,other
5904,other
5905,other
5906,other
5907,other
5908,other
5909,other
5910,other
5911,other
5912,other
5913,other
5914,other
5915,other
5916,other
5917,other
5918,other
5919,other
5920,other
5921,other
5922,other
5923,other
5924,other
5925,other
5926,other
5927,walking
5928,walking
5929,walking
5930,walking
5931,walking
5932,walking
5933,walking
5934,running
5935,running
5936,running
5937,running
5938,running
5939,running
5940,running
5941,running
5942,running
5943,running
5944,running
5945,running
5946,running
5947,running
5948,running
5949,running
5950,running
5951,running
5952,running
5953,running
5954,running
5955,running
5956,running
5957,running
5958,running
5959,running
5960,running
5961,running
5962,running
5963,other
5964,other
5965,other
5966,other
5967,other
5968,other
5969,other
5970,other
5971,other
5972,other
5973,other
5974,other
5975,other
5976,other
5977,other
5978,other
5979,other
5980,other
5981,other
5982,other
5983,other
5984,other
5985,other
5986,other
5987,other
5988,other
5989,other
5990,other
5991,other
5992,other
5993,other
5994,other
5995,other
5996,other
5997,other
5998,other
5999,other
6000,other
6001,other
6002,other
6003,other
6004,other
6005,other
6006,other
6007,other
6008,other
6009,other
6010,other
6011,other
6012,other
6013,other
6014,other
6015,other
6016,other
6017,other
6018,other
6019,other
6020,other
6021,other
6022,other
6023,other
6024,other
6025,other
6026,other
6027,other
6028,other
6029,other
6030,other
6031,other
6032,other
6033,other
6034,other
6035,other
6036,other
6037,other
6038,other
6039,other
6040,other
6041,other
6042,other
6043,other
6044,other
6045,other
6046,other
6047,other
6048,other
6049,other
6050,other
6051,other
6052,other
6053,other
6054,other
6055,other
6056,other
6057,other
6058,other
6059,other
6060,other
6061,other
6062,other
6063,walking
6064,walking
6065,walking
6066,walking
6067,walking
6068,other
6069,other
6070,other
6071,other
6072,other
6073,other
6074,other
6075,other
6076,other
6077,other
6078,other
6079,other
6080,other
6081,other
6082,other
6083,other
6084,other
6085,other
6086,other
6087,other
6088,other
6089,other
6090,other
6091,other
6092,other
6093,other
6094,other
6095,other
6096,walking
6097,walking
6098,walking
6099,walking
6100,walking
6101,walking
6102,walking
6103,walking
6104,walking
6105,walking
6106,walking
6107,walking
6108,walking
6109,walking
6110,walking
6111,walking
6112,walking
6113,walking
6114,running
6115,running
6116,running
6117,running
6118,running
6119,running
6120,running
6121,running
6122,running
6123,running
6124,running
6125,running
6126,running
6127,running
6128,running
6129,running
6130,running
6131,running
6132,running
6133,running
6134,running
6135,running
6136,running
6137,running
6138,other
6139,other
6140,other
6141,other
6142,other
6143,other
6144,other
6145,other
6146,other
6147,other
6148,other
6149,other
6150,other
6151,other
6152,other
6153,other
6154,other
6155,other
6156,other
6157,other
6158,other
6159,other
6160,other
6161,other
6162,other
6163,other
6164,other
6165,other
6166,other
6167,other
6168,other
6169,other
6170,other
6171,other
6172,other
6173,other
6174,other
6175,other
6176,other
6177,other
6178,other
6179,other
6180,other
6181,other
6182,other
6183,other
6184,other
6185,other
6186,other
6187,other
6188,other
6189,other
6190,other
6191,other
6192,other
6193,other
6194,other
6195,other
6196,other
6197,other
6198,other
6199,other
6200,other
6201,other
6202,other
6203,other
6204,other
6205,other
6206,other
6207,other
6208,other
6209,other
6210,other
6211,other
6212,other
6213,walking
6214,walking
6215,walking
6216,walking
6217,walking
6218,walking
6219,walking
6220,walking
6221,walking
6222,walking
6223,walking
6224,walking
6225,walking
6226,walking
6227,walking
6228,walking
6229,walking
6230,walking
6231,walking
6232,walking
6233,walking
6234,walking
6235,walking
6236,walking
6237,walking
6238,walking
6239,walking
6240,walking
6241,walking
6242,walking
6243,walking
6244,walking
6245,other
6246,other
6247,other
6248,other
6249,other
6250,other
6251,other
6252,other
6253,other
6254,other
6255,other
6256,other
6257,other
6258,other
6259,other
6260,other
6261,other
6262,other
6263,other
6264,other
6265,other
6266,other
6267,other
6268,other
6269,other
6270,other
6271,other
6272,other
6273,other
6274,other
6275,other
6276,other
6277,other
6278,other
6279,other
6280,other
6281,other
6282,other
6283,other
6284,walking
6285,walking
6286,walking
6287,walking
6288,walking
6289,walking
6290,walking
6291,walking
6292,walking
6293,walking
6294,walking
6295,walking
6296,walking
6297,walking
6298,walking
6299,walking
6300,walking
6301,walking
6302,walking
6303,walking
6304,walking
6305,walking
6306,walking
6307,walking
6308,walking
6309,walking
6310,walking
6311,walking
6312,walking
6313,walking
6314,walking
6315,walking
6316,other
6317,other
6318,other
6319,other
6320,other
6321,other
6322,other
6323,other
6324,other
6325,other
6326,other
6327,other
6328,other
6329,other
6330,other
6331,other
6332,other
6333,other
6334,other
6335,other
6336,other
6337,other
6338,other
6339,other
6340,other
6341,other
6342,other
6343,other
6344,other
6345,other
6346,other
6347,other
6348,other
6349,other
6350,other
6351,other
6352,other
6353,other
6354,other
6355,walking
6356,walking
6357,walking
6358,walking
6359,walking
6360,walking
6361,walking
6362,walking
6363,walking
6364,walking
6365,walking
6366,walking
6367,walking
6368,walking
6369,walking
6370,walking
6371,walking
6372,walking
6373,walking
6374,walking
6375,walking
6376,walking
6377,walking
6378,walking
6379,walking
6380,walking
6381,walking
6382,walking
6383,walking
6384,walking
6385,walking
6386,walking
6387,other
6388,other
6389,other
6390,other
6391,other
6392,other
6393,other
6394,other
6395,other
6396,other
6397,other
6398,other
6399,other
6400,other
6401,other
6402,other
6403,other
6404,other
6405,other
6406,other
6407,other
6408,other
6409,other
6410,other
6411,other
6412,other
6413,other
6414,other
6415,other
6416,other
6417,other
6418,other
6419,other
6420,other
6421,other
6422,other
6423,other
6424,other
6425,other
6426,other
6427,other
6428,other
6429,other
6430,other
6431,other
6432,other
6433,other
6434,other
6435,other
6436,other
6437,other
6438,other
6439,other
6440,other
6441,other
6442,other
6443,other
6444,other
6445,other
6446,other
6447,other
6448,other
6449,other
6450,other
6451,other
6452,other
6453,other
6454,other
6455,other
6456,other
6457,other
6458,other
6459,other
6460,other
6461,other
6462,other
6463,walking
6464,walking
6465,walking
6466,walking
6467,walking
6468,walking
6469,walking
6470,walking
6471,walking
6472,walking
6473,walking
6474,walking
6475,walking
6476,walking
6477,walking
6478,walking
6479,walking
6480,walking
6481,walking
6482,walking
6483,walking
6484,walking
6485,walking
6486,walking
6487,walking
6488,walking
6489,walking
6490,walking
6491,walking
6492,walking
6493,walking
6494,walking
6495,other
6496,other
6497,other
6498,other
6499,other
6500,other
6501,other
6502,other
6503,other
6504,other
6505,other
6506,other
6507,other
6508,other
6509,other
6510,other
6511,other
6512,other
6513,other
6514,other
6515,other
6516,other
6517,other
6518,other
6519,other
6520,other
6521,other
6522,other
6523,other
6524,other
6525,other
6526,other
6527,other
6528,other
6529,other
6530,other
6531,other
6532,other
6533,other
6534,other
6535,other
6536,other
6537,other
6538,other
6539,other
6540,other
6541,other
6542,other
6543,other
6544,other
6545,other
6546,other
6547,other
6548,other
6549,other
6550,other
6551,other
6552,other
6553,other
6554,other
6555,other
6556,other
6557,other
6558,other
6559,other
6560,other
6561,other
6562,other
6563,other
6564,other
6565,other
6566,other
6567,other
6568,other
6569,other
6570,other
6571,other
6572,other
6573,other
6574,other
6575,other
6576,other
6577,other
6578,other
6579,other
6580,other
6581,other
6582,other
6583,other
6584,other
6585,other
6586,other
6587,other
6588,other
6589,other
6590,other
6591,other
6592,other
6593,other
6594,other
6595,other
6596,other
6597,other
6598,walking
6599,walking
6600,other
6601,other
6602,other
6603,other
6604,other
6605,other
6606,other
6607,other
6608,other
6609,other
6610,other
6611,other
6612,other
6613,other
6614,other
6615,other
6616,other
6617,other
6618,other
6619,other
6620,other
6621,other
6622,other
6623,other
6624,other
6625,other
6626,other
6627,other
6628,other
6629,other
6630,other
6631,other
6632,other
6633,other
6634,other
6635,other
6636,other
6637,other
6638,other
6639,other
6640,other
6641,other
6642,other
6643,other
6644,other
6645,other
6646,other
6647,other
6648,other
6649,other
6650,other
6651,other
6652,other
6653,other
6654,other
6655,other
6656,other
6657,other
6658,other
6659,other
6660,other
6661,other
6662,other
6663,other
6664,other
6665,other
6666,other
6667,walking
6668,walking
6669,other
6670,other
6671,other
6672,other
6673,other
6674,other
6675,other
6676,other
6677,other
6678,other
6679,other
6680,other
6681,other
6682,other
6683,other
6684,other
6685,other
6686,other
6687,other
6688,other
6689,running
6690,running
6691,running
6692,running
6693,running
6694,running
6695,running
6696,running
6697,running
6698,running
6699,running
6700,running
6701,running
6702,running
6703,running
6704,running
6705,running
6706,running
6707,running
6708,running
6709,running
6710,running
6711,running
6712,running
6713,running
6714,other
6715,other
6716,other
6717,other
6718,other
6719,other
6720,other
6721,other
6722,other
6723,other
6724,other
6725,walking
6726,walking
6727,walking
6728,walking
6729,walking
6730,walking
6731,walking
6732,walking
6733,walking
6734,walking
6735,walking
6736,running
6737,running
6738,running
6739,running
6740,running
6741,running
6742,running
6743,running
6744,running
6745,running
6746,running
6747,running
6748,running
6749,running
6750,running
6751,running
6752,running
6753,running
6754,running
6755,running
6756,running
6757,running
6758,running
6759,running
6760,running
6761,other
6762,other
6763,other
6764,other
6765,other
6766,other
6767,other
6768,other
6769,other
6770,other
6771,other
6772,other
6773,other
6774,other
6775,other
6776,other
6777,other
6778,other
6779,other
6780,other
6781,other
6782,other
6783,other
6784,other
6785,other
6786,other
6787,other
6788,other
6789,other
6790,other
6791,other
6792,walking
6793,walking
6794,other
6795,other
6796,other
6797,other
6798,other
6799,other
6800,other
6801,other
6802,other
6803,other
6804,other
6805,other
6806,other
6807,other
6808,other
6809,other
6810,other
6811,other
6812,other
6813,other
6814,other
6815,other
6816,other
6817,other
6818,other
6819,other
6820,other
6821,other
6822,other
6823,other
6824,other
6825,other
6826,other
6827,other
6828,other
6829,other
6830,other
6831,other
6832,other
6833,other
6834,other
6835,other
6836,other
6837,other
6838,other
6839,other
6840,other
6841,other
6842,other
6843,other
6844,other
6845,other
6846,other
6847,other
6848,other
6849,other
6850,other
6851,other
6852,other
6853,other
6854,other
6855,other
6856,other
6857,other
6858,other
6859,other
6860,other
6861,walking
6862,walking
6863,other
6864,other
6865,other
6866,other
6867,other
6868,other
6869,other
6870,other
6871,other
6872,other
6873,other
6874,other
6875,other
6876,other
6877,other
6878,other
6879,other
6880,other
6881,other
6882,other
6883,walking
6884,walking
6885,walking
6886,walking
6887,walking
6888,walking
6889,walking
6890,walking
6891,walking
6892,walking
6893,walking
6894,walking
6895,walking
6896,walking
6897,walking
6898,walking
6899,walking
6900,walking
6901,walking
6902,walking
6903,walking
6904,walking
6905,walking
6906,walking
6907,walking
6908,walking
6909,walking
6910,walking
6911,walking
6912,walking
6913,walking
6914,walking
6915,walking
6916,walking
6917,walking
6918,walking
6919,running
6920,running
6921,running
6922,running
6923,running
6924,other
6925,other
6926,other
6927,other
6928,other
6929,other
6930,other
6931,other
6932,other
6933,other
6934,other
6935,other
6936,other
6937,other
6938,other
6939,other
6940,other
6941,other
6942,other
6943,other
6944,other
6945,other
6946,other
6947,other
6948,other
6949,other
6950,other
6951,other
6952,other
6953,other
6954,other
6955,other
6956,other
6957,other
6958,other
6959,other
6960,other
6961,other
6962,other
6963,other
6964,other
6965,other
6966,other
6967,other
6968,other
6969,other
6970,other
6971,other
6972,other
6973,other
6974,other
6975,other
6976,other
6977,other
6978,other
6979,other
6980,other
6981,other
6982,other
6983,other
6984,other
6985,other
6986,other
6987,other
6988,other
6989,other
6990,other
6991,other
6992,other
6993,other
6994,other
6995,other
6996,other
6997,other
6998,other
6999,other
7000,other
7001,other
7002,other
7003,other
7004,other
7005,other
7006,other
7007,other
7008,other
7009,other
7010,other
7011,other
7012,other
7013,other
7014,other
7015,other
7016,other
7017,other
7018,other
7019,other
7020,other
7021,other
7022,other
7023,other
7024,other
7025,other
7026,other
7027,other
7028,other
7029,other
7030,other
7031,other
7032,other
7033,other
7034,other
7035,other
9071,other
9072,other
9073,other
9074,other
9075,other
9076,other
9077,other
9078,other
9079,other
9080,other
9081,other
9082,other
9083,other
9084,other
9085,other
9086,other
9087,other
9088,other
9089,other
9090,other
9091,other
9092,other
9093,other
9094,other
9095,other
9096,other
9097,other
9098,other
9099,other
9100,other
9101,other
9102,other
9103,other
9104,other
9105,other
9106,other
9107,other
9108,other
9109,other
9110,other
9111,other
9112,other
9113,other
9114,other
9115,other
9116,other
9117,other
9118,other
9119,other
9120,other
9121,other
9122,other
9123,other
9124,other
9125,other
9126,other
9127,other
9128,other
9129,other
9130,other
9131,other
9132,other
9133,other
9134,other
9135,other
9136,other
9137,other
9138,other
9139,other
9140,other
9141,other
9142,other
9143,other
9144,walking
9145,walking
9146,walking
9147,walking
9148,walking
9149,walking
9150,walking
9151,walking
9152,walking
9153,walking
9154,walking
9155,walking
9156,walking
9157,walking
9158,walking
9159,walking
9160,walking
9161,walking
9162,walking
9163,walking
9164,walking
9165,walking
9166,walking
9167,walking
9168,walking
9169,walking
9170,walking
9171,walking
9172,walking
9173,walking
9174,walking
9175,walking
9176,walking
9177,walking
9178,walking
9179,walking
9180,walking
9181,walking
9182,walking
9183,walking
9184,walking
9185,walking
9186,walking
9187,walking
9188,walking
9189,walking
9190,walking
9191,running
9192,running
9193,running
9194,running
9195,running
9196,running
9197,running
9198,running
9199,running
9200,running
9201,running
9202,running
9203,running
9204,running
9205,running
9206,running
9207,running
9208,running
9209,running
9210,running
9211,running
9212,running
9213,running
9214,running
9215,cycling
9216,cycling
9217,cycling
9218,cycling
9219,cycling
9220,cycling
9221,cycling
9222,cycling
9223,cycling
9224,cycling
9225,cycling
9226,cycling
9227,cycling
9228,cycling
9229,cycling
9230,cycling
9231,cycling
9232,cycling
9233,cycling
9234,cycling
9235,cycling
9236,cycling
9237,cycling
9238,cycling
9239,cycling
9240,cycling
9241,cycling
9242,cycling
9243,cycling
9244,cycling
9245,cycling
9246,cycling
9247,cycling
9248,cycling
9249,cycling
9250,cycling
9251,other
9252,other
9253,other
9254,other
9255,other
9256,other
9257,other
9258,other
9259,other
9260,other
9261,other
9262,other
9263,other
9264,other
9265,other
9266,other
9267,other
9268,other
9269,other
9270,other
9271,other
9272,other
9273,other
9274,other
9275,other
9276,other
9277,other
9278,other
9279,other
9280,other
9281,other
9282,other
9283,other
9284,other
9285,other
9286,other
9287,other
9288,other
9289,other
9290,other
9291,other
9292,other
9293,other
9294,other
9295,other
9296,other
9297,other
9298,other
9299,other
9300,other
9301,other
9302,other
9303,other
9304,other
9305,other
9306,other
9307,other
9308,other
9309,other
9310,other
9311,other
9312,other
9313,other
9314,other
9315,other
9316,other
9317,other
9318,other
9319,other
9320,other
9321,other
9322,other
9323,other
9324,other
9325,other
9326,other
9327,other
9328,other
9329,other
9330,other
9331,other
9332,other
9333,other
9334,other
9335,other
9336,other
9337,other
9338,other
9339,other
9340,other
9341,other
9342,other
9343,other
9344,other
9345,other
9346,other
9347,other
9348,other
9349,other
9350,other
9351,other
9352,other
9353,other
9354,other
9355,other
9356,other
9357,other
9358,other
9359,other
9360,walking
9361,walking
9362,walking
9363,walking
9364,walking
9365,walking
9366,walking
9367,walking
9368,walking
9369,walking
9370,walking
9371,walking
9372,walking
9373,walking
9374,walking
9375,walking
9376,walking
9377,walking
9378,walking
9379,walking
9380,walking
9381,walking
9382,walking
9383,walking
9384,walking
9385,walking
9386,walking
9387,walking
9388,walking
9389,walking
9390,walking
9391,walking
9392,walking
9393,walking
9394,walking
9395,running
9396,running
9397,running
9398,running
9399,running
9400,running
9401,running
9402,running
9403,running
9404,running
9405,running
9406,running
9407,running
9408,running
9409,running
9410,running
9411,running
9412,running
9413,running
9414,running
9415,running
9416,running
9417,running
9418,running
9419,running
9420,other
9421,other
9422,other
9423,other
9424,other
9425,other
9426,other
9427,other
9428,other
9429,other
9430,other
9431,other
9432,other
9433,other
9434,other
9435,other
9436,other
9437,other
9438,other
9439,other
9440,other
9441,other
9442,other
9443,other
9444,other
9445,other
9446,other
9447,other
9448,other
9449,other
9450,other
9451,other
9452,other
9453,other
9454,other
9455,other
9456,other
9457,other
9458,other
9459,other
9460,other
9461,other
9462,other
9463,other
9464,other
9465,other
9466,other
9467,other
9468,other
9469,other
9470,other
9471,other
9472,other
9473,other
9474,other
9475,other
9476,other
9477,other
9478,other
9479,other
9480,other
9481,other
9482,other
9483,other
9484,other
9485,other
9486,other
9487,other
9488,other
9489,other
9490,other
9491,other
9492,other
9493,walking
9494,walking
9495,walking
9496,walking
9497,walking
9498,walking
9499,walking
9500,walking
9501,walking
9502,walking
9503,walking
9504,walking
9505,walking
9506,walking
9507,walking
9508,walking
9509,walking
9510,walking
9511,walking
9512,walking
9513,walking
9514,walking
9515,walking
9516,walking
9517,walking
9518,walking
9519,walking
9520,walking
9521,walking
9522,walking
9523,walking
9524,walking
9525,walking
9526,walking
9527,walking
9528,other
9529,other
9530,other
9531,other
9532,other
9533,other
9534,other
9535,other
9536,other
9537,other
9538,other
9539,other
9540,other
9541,other
9542,other
9543,other
9544,other
9545,other
9546,other
9547,other
9548,other
9549,other
9550,other
9551,other
9552,other
9553,other
9554,other
9555,other
9556,other
9557,other
9558,other
9559,other
9560,other
9561,other
9562,other
9563,other
9564,running
9565,running
9566,running
9567,running
9568,running
9569,running
9570,running
9571,running
9572,walking
9573,walking
9574,walking
9575,walking
9576,walking
9577,walking
9578,walking
9579,walking
9580,walking
9581,walking
9582,walking
9583,walking
9584,walking
9585,walking
9586,walking
9587,walking
9588,walking
9589,walking
9590,walking
9591,walking
9592,walking
9593,walking
9594,walking
9595,walking
9596,walking
9597,walking
9598,walking
9599,walking
9600,walking
9601,walking
9602,walking
9603,walking
9604,walking
9605,walking
9606,walking
9607,walking
9608,walking
9609,walking
9610,walking
9611,walking
9612,walking
9613,walking
9614,walking
9615,walking
9616,walking
9617,walking
9618,walking
9619,running
9620,running
9621,running
9622,running
9623,running
9624,running
9625,running
9626,running
9627,running
9628,running
9629,running
9630,running
9631,running
9632,running
9633,running
9634,running
9635,running
9636,running
9637,running
9638,running
9639,running
9640,running
9641,running
9642,running
9643,running
9644,other
9645,other
9646,other
9647,other
9648,other
9649,other
9650,other
9651,other
9652,other
9653,other
9654,other
9655,other
9656,other
9657,other
9658,other
9659,other
9660,other
9661,other
9662,other
9663,other
9664,other
9665,other
9666,other
9667,other
9668,other
9669,other
9670,other
9671,other
9672,other
9673,other
9674,other
9675,other
9676,other
9677,other
9678,other
9679,running
9680,other
9681,walking
9682,walking
9683,walking
9684,walking
9685,walking
9686,walking
9687,walking
9688,walking
9689,walking
9690,walking
9691,walking
9692,walking
9693,walking
9694,walking
9695,walking
9696,walking
9697,walking
9698,walking
9699,walking
9700,walking
9701,walking
9702,walking
9703,walking
9704,walking
9705,walking
9706,walking
9707,walking
9708,walking
9709,walking
9710,walking
9711,walking
9712,walking
9713,walking
9714,walking
9715,walking
9716,other
9717,other
9718,other
9719,other
9720,other
9721,other
9722,other
9723,other
9724,other
9725,other
9726,other
9727,other
9728,other
9729,other
9730,other
9731,other
9732,other
9733,other
9734,other
9735,other
9736,other
9737,other
9738,other
9739,other
9740,other
9741,other
9742,other
9743,other
9744,other
9745,other
9746,other
9747,other
9748,other
9749,other
9750,other
9751,other
9752,other
9753,other
9754,other
9755,other
9756,other
9757,other
9758,other
9759,other
9760,other
9761,other
9762,other
9763,other
9764,other
9765,other
9766,other
9767,other
9768,other
9769,other
9770,other
9771,other
9772,other
9773,other
9774,other
9775,other
9776,other
9777,other
9778,other
9779,other
9780,other
9781,other
9782,other
9783,other
9784,other
9785,other
9786,other
9787,other
9788,other
9789,other
9790,other
9791,other
9792,other
9793,other
9794,other
9795,other
9796,other
9797,other
9798,other
9799,other
9800,other
9801,other
9802,other
9803,other
9804,other
9805,other
9806,other
9807,other
9808,other
9809,other
9810,other
9811,other
9812,other
9813,other
9814,other
9815,other
9816,other
9817,other
9818,other
9819,other
9820,other
9821,other
9822,other
9823,other
9824,other
9825,other
9826,other
9827,other
9828,other
9829,other
9830,other
9831,other
9832,other
9833,other
9834,other
9835,other
9836,other
9837,other
9838,other
9839,other
9840,other
9841,other
9842,other
9843,other
9844,other
9845,other
9846,other
9847,other
9848,other
9849,other
9850,other
9851,other
9852,other
9853,other
9854,other
9855,other
9856,other
9857,other
9858,other
9859,running
9860,running
9861,running
9862,running
9863,running
9864,running
9865,running
9866,running
9867,running
9868,running
9869,running
9870,running
9871,running
9872,running
9873,running
9874,running
9875,running
9876,running
9877,running
9878,running
9879,running
9880,running
9881,other
9882,other
9883,other
9884,other
9885,other
9886,other
9887,other
9888,other
9889,other
9890,other
9891,other
9892,other
9893,other
9894,other
9895,other
9896,other
9897,other
9898,other
9899,other
9900,other
9901,other
9902,other
9903,other
9904,other
9905,other
9906,other
9907,other
9908,other
9909,other
9910,other
9911,other
9912,other
9913,other
9914,other
9915,other
9916,other
9917,walking
9918,walking
9919,walking
9920,walking
9921,walking
9922,walking
9923,walking
9924,walking
9925,walking
9926,walking
9927,walking
9928,walking
9929,walking
9930,walking
9931,walking
9932,walking
9933,walking
9934,walking
9935,walking
9936,walking
9937,walking
9938,walking
9939,walking
9940,walking
9941,walking
9942,walking
9943,walking
9944,walking
9945,walking
9946,walking
9947,walking
9948,walking
9949,walking
9950,walking
9951,walking
9952,cycling
9953,cycling
9954,cycling
9955,cycling
9956,cycling
9957,cycling
9958,cycling
9959,cycling
9960,cycling
9961,cycling
9962,cycling
9963,cycling
9964,cycling
9965,cycling
9966,cycling
9967,cycling
9968,cycling
9969,cycling
9970,cycling
9971,cycling
9972,cycling
9973,cycling
9974,cycling
9975,cycling
9976,cycling
9977,cycling
9978,cycling
9979,cycling
9980,cycling
9981,cycling
9982,cycling
9983,cycling
9984,cycling
9985,cycling
9986,cycling
9987,other
9988,walking
9989,walking
9990,walking
9991,walking
9992,walking
9993,walking
9994,walking
9995,walking
9996,walking
9997,walking
9998,walking
9999,walking
10000,walking
10001,walking
10002,walking
10003,walking
10004,walking
10005,walking
10006,walking
10007,walking
10008,walking
10009,walking
10010,walking
10011,walking
10012,walking
10013,walking
10014,walking
10015,walking
10016,walking
10017,walking
10018,walking
10019,walking
10020,walking
10021,walking
10022,walking
10023,other
10024,walking
10025,walking
10026,walking
10027,walking
10028,walking
10029,walking
10030,walking
10031,walking
10032,walking
10033,walking
10034,walking
10035,walking
10036,walking
10037,walking
10038,walking
10039,walking
10040,walking
10041,walking
10042,walking
10043,walking
10044,walking
10045,walking
10046,walking
10047,walking
10048,walking
10049,walking
10050,walking
10051,walking
10052,walking
10053,walking
10054,walking
10055,walking
10056,walking
10057,walking
10058,walking
10059,other
10060,other
10061,other
10062,other
10063,other
10064,other
10065,other
10066,other
10067,other
10068,other
10069,other
10070,other
10071,other
10072,other
10073,other
10074,other
10075,other
10076,other
10077,other
10078,other
10079,other
10080,other
10081,other
10082,other
10083,other
10084,other
10085,other
10086,other
10087,other
10088,other
10089,other
10090,other
10091,other
10092,other
10093,other
10094,other
10095,other
10096,other
10097,other
10098,other
10099,other
10100,other
10101,other
10102,other
10103,other
10104,other
10105,other
10106,other
10107,other
10108,other
10109,other
10110,other
10111,other
10112,other
10113,other
10114,other
10115,other
10116,other
10117,other
10118,other
10119,other
10120,other
10121,other
10122,other
10123,other
10124,other
10125,other
10126,other
10127,other
10128,other
10129,other
10130,running
10131,running
10132,running
10133,running
10134,running
10135,running
10136,walking
10137,walking
10138,walking
10139,walking
10140,walking
10141,walking
10142,walking
10143,running
10144,running
10145,running
10146,running
10147,running
10148,running
10149,running
10150,running
10151,running
10152,running
10153,running
10154,running
10155,running
10156,running
10157,running
10158,running
10159,running
10160,running
10161,running
10162,running
10163,running
10164,running
10165,running
10166,running
10167,running
10168,running
10169,running
10170,running
10171,running
10172,other
10173,other
10174,other
10175,other
10176,other
10177,other
10178,other
10179,other
10180,other
10181,other
10182,other
10183,other
10184,other
10185,other
10186,other
10187,other
10188,other
10189,other
10190,other
10191,other
10192,other
10193,other
10194,other
10195,other
10196,other
10197,other
10198,other
10199,other
10200,walking
10201,walking
10202,walking
10203,walking
10204,walking
10205,other
10206,other
10207,other
10208,other
10209,other
10210,other
10211,other
10212,other
10213,other
10214,other
10215,other
10216,other
10217,other
10218,other
10219,other
10220,other
10221,other
10222,other
10223,other
10224,other
10225,other
10226,other
10227,other
10228,other
10229,other
10230,other
10231,other
10232,other
10233,other
10234,other
10235,other
10236,other
10237,other
10238,other
10239,other
10240,other
10241,cycling
10242,cycling
10243,cycling
10244,cycling
10245,cycling
10246,other
10247,other
10248,other
10249,other
10250,other
10251,other
10252,other
10253,other
10254,other
10255,other
10256,other
10257,other
10258,other
10259,other
10260,other
10261,other
10262,other
10263,other
10264,other
10265,other
10266,other
10267,other
10268,other
10269,other
10270,other
10271,other
10272,other
10273,other
10274,other
10275,other
10276,other
10277,other
10278,other
10279,other
10280,other
10281,other
10282,running
10283,running
10284,running
10285,running
10286,running
10287,running
10288,running
10289,running
10290,running
10291,running
10292,running
10293,running
10294,running
10295,running
10296,running
10297,running
10298,running
10299,running
10300,running
10301,cycling
10302,cycling
10303,cycling
10304,cycling
10305,cycling
10306,cycling
10307,cycling
10308,cycling
10309,cycling
10310,cycling
10311,cycling
10312,cycling
10313,cycling
10314,cycling
10315,cycling
10316,cycling
10317,cycling
10318,cycling
10319,cycling
10320,cycling
10321,cycling
10322,cycling
10323,cycling
10324,cycling
10325,cycling
10326,cycling
10327,cycling
10328,cycling
10329,cycling
10330,cycling
10331,cycling
10332,cycling
10333,cycling
10334,cycling
10335,cycling
10336,cycling
10337,other
10338,other
10339,other
10340,other
10341,other
10342,other
10343,other
10344,other
10345,other
10346,other
10347,other
10348,other
10349,other
10350,other
10351,other
10352,other
10353,other
10354,other
10355,other
10356,other
10357,other
10358,other
10359,other
10360,other
10361,other
10362,other
10363,other
10364,other
10365,walking
10366,walking
10367,walking
10368,walking
10369,walking
10370,other
10371,other
10372,other
10373,other
10374,other
10375,other
10376,other
10377,other
10378,other
10379,other
10380,other
10381,other
10382,other
10383,other
10384,other
10385,other
10386,other
10387,other
10388,other
10389,other
10390,other
10391,other
10392,other
10393,other
10394,other
10395,other
10396,other
10397,other
10398,walking
10399,walking
10400,walking
10401,walking
10402,walking
10403,running
10404,running
10405,running
10406,running
10407,running
10408,running
10409,running
10410,other
10411,other
10412,other
10413,other
10414,other
10415,other
10416,other
10417,other
10418,other
10419,other
10420,other
10421,other
10422,other
10423,other
10424,other
10425,other
10426,other
10427,other
10428,other
10429,other
10430,other
10431,other
10432,other
10433,other
10434,other
10435,other
10436,other
10437,other
10438,walking
10439,walking
10440,walking
10441,walking
10442,walking
10443,other
10444,other
10445,other
10446,other
10447,other
10448,other
10449,other
10450,other
10451,other
10452,other
10453,other
10454,other
10455,other
10456,other
10457,other
10458,other
10459,other
10460,other
10461,other
10462,other
10463,other
10464,other
10465,other
10466,other
10467,other
10468,other
10469,other
10470,other
10471,other
10472,other
10473,other
10474,other
10475,other
10476,other
10477,other
10478,other
10479,walking
10480,walking
10481,walking
10482,walking
10483,walking
10484,walking
10485,walking
10486,walking
10487,walking
10488,walking
10489,walking
10490,walking
10491,walking
10492,walking
10493,walking
10494,walking
10495,walking
10496,walking
10497,walking
10498,walking
10499,walking
10500,walking
10501,walking
10502,walking
10503,walking
10504,walking
10505,walking
10506,walking
10507,walking
10508,walking
10509,walking
10510,walking
10511,walking
10512,walking
10513,walking
10514,walking
10515,other
10516,other
10517,other
10518,other
10519,other
10520,other
10521,other
10522,other
10523,other
10524,other
10525,other
10526,other
10527,other
10528,other
10529,other
10530,other
10531,other
10532,other
10533,other
10534,other
10535,other
10536,other
10537,other
10538,other
10539,other
10540,other
10541,other
10542,other
10543,other
10544,other
10545,other
10546,other
10547,other
10548,other
10549,other
10550,other
10551,other
10552,other
10553,other
10554,other
10555,other
10556,other
10557,other
10558,other
10559,other
10560,other
10561,other
10562,other
10563,other
10564,other
10565,other
10566,other
10567,other
10568,other
10569,other
10570,other
10571,other
10572,other
10573,other
10574,other
10575,other
10576,other
10577,other
10578,other
10579,other
10580,other
10581,other
10582,other
10583,other
10584,other
10585,other
10586,other
10587,other
10588,other
10589,other
10590,other
10591,other
10592,walking
10593,walking
10594,walking
10595,walking
10596,walking
10597,walking
10598,walking
10599,walking
10600,walking
10601,walking
10602,walking
10603,walking
10604,walking
10605,walking
10606,walking
10607,walking
10608,walking
10609,walking
10610,walking
10611,walking
10612,walking
10613,walking
10614,walking
10615,walking
10616,walking
10617,walking
10618,walking
10619,walking
10620,walking
10621,walking
10622,walking
10623,walking
10624,other
10625,other
10626,other
10627,other
10628,walking
10629,walking
10630,walking
10631,walking
10632,walking
10633,walking
10634,walking
10635,walking
10636,walking
10637,walking
10638,walking
10639,walking
10640,walking
10641,walking
10642,walking
10643,walking
10644,walking
10645,walking
10646,walking
10647,walking
10648,walking
10649,walking
10650,walking
10651,walking
10652,walking
10653,walking
10654,walking
10655,walking
10656,walking
10657,walking
10658,walking
10659,walking
10660,running
10661,running
10662,running
10663,running
10664,running
10665,running
10666,running
10667,running
10668,other
10669,other
10670,other
10671,other
10672,other
10673,other
10674,other
10675,other
10676,other
10677,other
10678,other
10679,other
10680,other
10681,other
10682,other
10683,other
10684,other
10685,other
10686,other
10687,other
10688,other
10689,other
10690,other
10691,other
10692,other
10693,other
10694,other
10695,other
10696,other
10697,other
10698,other
10699,other
10700,other
10701,other
10702,other
10703,other
10704,other
10705,other
10706,other
10707,other
10708,walking
10709,walking
10710,walking
10711,walking
10712,walking
10713,walking
10714,walking
10715,walking
10716,walking
10717,walking
10718,walking
10719,walking
10720,walking
10721,walking
10722,walking
10723,walking
10724,walking
10725,walking
10726,walking
10727,walking
10728,walking
10729,walking
10730,walking
10731,walking
10732,walking
10733,walking
10734,walking
10735,walking
10736,walking
10737,walking
10738,walking
10739,walking
10740,other
10741,other
10742,other
10743,other
10744,walking
10745,walking
10746,walking
10747,walking
10748,walking
10749,walking
10750,walking
10751,walking
10752,walking
10753,walking
10754,walking
10755,walking
10756,walking
10757,walking
10758,walking
10759,walking
10760,walking
10761,walking
10762,walking
10763,walking
10764,walking
10765,walking
10766,walking
10767,walking
10768,walking
10769,walking
10770,walking
10771,walking
10772,walking
10773,walking
10774,walking
10775,walking
10776,walking
10777,walking
10778,walking
10779,walking
10780,walking
10781,walking
10782,walking
10783,walking
10784,walking
10785,walking
10786,walking
10787,walking
10788,walking
10789,running
10790,running
10791,running
10792,running
10793,running
10794,running
10795,running
10796,running
10797,running
10798,running
10799,running
10800,running
10801,running
10802,running
10803,running
10804,running
10805,running
10806,running
10807,running
10808,running
10809,running
10810,running
10811,running
10812,running
10813,running
10814,running
10815,running
10816,running
10817,running
10818,running
10819,running
10820,running
10821,running
10822,running
10823,running
10824,running
10825,running
10826,running
10827,running
10828,running
10829,running
10830,running
10831,running
10832,running
10833,running
10834,running
10835,running
10836,running
10837,other
10838,other
10839,other
10840,other
10841,other
10842,other
10843,other
10844,other
10845,other
10846,other
10847,other
10848,other
10849,other
10850,other
10851,other
10852,other
10853,other
10854,other
10855,other
10856,other
10857,other
10858,other
10859,other
10860,other
10861,other
10862,other
10863,other
10864,other
10865,other
10866,other
10867,other
10868,other
10869,other
10870,other
10871,other
10872,other
10873,other
10874,other
10875,other
10876,other
10877,other
10878,other
10879,other
10880,other
10881,other
10882,other
10883,other
10884,other
10885,other
10886,other
10887,other
10888,other
10889,other
10890,other
10891,other
10892,other
10893,other
10894,other
10895,other
10896,other
10897,other
10898,other
10899,other
10900,other
10901,other
10902,other
10903,other
10904,other
10905,other
10906,other
10907,other
10908,other
10909,other
10910,other
10911,other
10912,other
10913,other
10914,other
10915,other
10916,other
10917,other
10918,other
10919,other
10920,other
10921,other
10922,other
10923,other
10924,other
10925,other
10926,other
10927,other
10928,other
10929,other
10930,other
10931,other
10932,other
10933,other
10934,other
10935,other
10936,other
10937,other
10938,other
10939,other
10940,other
10941,other
10942,other
10943,other
10944,other
10945,other
10946,other
10947,other
10948,other
10949,other
10950,other
10951,other
10952,other
10953,other
10954,other
10955,other
10956,other
10957,other
10958,other
10959,other
10960,other
10961,other
10962,other
10963,other
10964,other
10965,other
10966,other
10967,other
10968,other
10969,other
10970,other
10971,other
10972,other
10973,other
10974,other
10975,other
10976,other
10977,other
10978,other
10979,other
10980,other
10981,other
10982,other
10983,other
10984,other
10985,other
10986,other
10987,other
10988,other
10989,other
10990,other
10991,other
10992,other
10993,other
10994,other
10995,other
10996,other
10997,other
10998,other
10999,other
11000,other
11001,other
11002,other
11003,other
11004,other
11005,other
11006,other
11007,other
11008,other
11009,other
11010,other
11011,other
11012,other
11013,other
11014,other
11015,other
11016,other
11017,other
11018,other
11019,other
11020,other
11021,other
11022,other
11023,other
11024,other
11025,other
11026,other
11027,other
11028,other
11029,other
11030,other
11031,other
11032,other
11033,other
11034,other
11035,other
11036,other
11037,other
11038,other
11039,other
11040,other
11041,other
11042,other
11043,other
11044,other
11045,other
11046,other
11047,other
11048,other
11049,other
11050,other
11051,other
11052,other
11053,other
11054,other
11055,other
11056,other
11057,other
11058,other
11059,other
11060,other
11061,other
11062,other
11063,other
11064,other
11065,other
11066,other
11067,other
11068,other
11069,other
11070,other
11071,other
11072,other
11073,other
11074,other
11075,other
11076,other
11077,other
11078,other
11079,other
11080,other
11081,walking
11082,walking
11083,other
11084,other
11085,other
11086,other
11087,other
11088,other
11089,other
11090,other
11091,other
11092,other
11093,other
11094,other
11095,other
11096,other
11097,other
11098,other
11099,other
11100,other
11101,other
11102,other
11103,other
11104,other
11105,other
11106,other
11107,other
11108,other
11109,other
11110,other
11111,other
11112,other
11113,other
11114,other
11115,other
11116,other
11117,other
11118,other
11119,other
11120,other
11121,other
11122,other
11123,other
11124,other
11125,other
11126,other
11127,other
11128,other
11129,other
11130,other
11131,other
11132,other
11133,other
11134,other
11135,other
11136,other
11137,other
11138,other
11139,other
11140,other
11141,other
11142,other
11143,other
11144,other
11145,other
11146,other
11147,other
11148,other
11149,other
11150,other
11151,other
11152,other
11153,other
11154,other
11155,other
11156,other
11157,other
11158,other
11159,other
11160,other
11161,other
11162,other
11163,other
11164,other
11165,other
11166,other
11167,other
11168,other
11169,other
11170,other
11171,other
11172,other
11173,other
11174,other
11175,other
11176,other
11177,other
11178,other
11179,other
11180,other
11181,other
11182,other
11183,other
11184,other
11185,other
11186,other
11187,other
11188,other
11189,other
11190,other
11191,other
11192,other
11193,other
11194,other
11195,other
11196,other
11197,other
11198,other
11199,other
11200,other
11201,other
11202,other
11203,other
11204,other
11205,other
11206,other
11207,other
11208,other
11209,other
11210,other
11211,other
11212,other
11213,other
11214,other
11215,other
11216,other
11217,other
11218,other
11219,other
11220,other
11221,other
11222,walking
11223,walking
11224,other
11225,other
11226,other
11227,other
11228,other
11229,other
11230,other
11231,other
11232,other
11233,other
11234,other
11235,other
11236,other
11237,other
11238,other
11239,other
11240,other
11241,other
11242,other
11243,other
11244,other
11245,other
11246,other
11247,other
11248,other
11249,other
11250,other
11251,other
11252,other
11253,other
11254,other
11255,walking
11256,walking
11257,other
11258,other
11259,other
11260,other
11261,other
11262,other
11263,other
11264,other
11265,other
11266,other
11267,other
11268,other
11269,other
11270,other
11271,other
11272,other
11273,other
11274,other
11275,other
11276,other
11277,running
11278,running
11279,running
11280,running
11281,running
11282,running
11283,running
11284,running
11285,running
11286,running
11287,running
11288,running
11289,running
11290,running
11291,running
11292,running
11293,running
11294,running
11295,running
11296,running
11297,running
11298,running
11299,running
11300,running
11301,running
11302,other
11303,other
11304,other
11305,other
11306,other
11307,other
11308,other
11309,other
11310,other
11311,other
11312,other
11313,other
11314,other
11315,other
11316,other
11317,other
11318,other
11319,other
11320,other
11321,other
11322,other
11323,other
11324,other
11325,other
11326,other
11327,other
11328,other
11329,other
11330,other
11331,other
11332,other
11333,other
11334,other
11335,other
11336,other
11337,other
11338,other
11339,other
11340,other
11341,other
11342,other
11343,other
11344,walking
11345,walking
11346,walking
11347,walking
11348,walking
11349,walking
11350,walking
11351,walking
11352,walking
11353,walking
11354,walking
11355,walking
11356,walking
11357,running
11358,running
11359,running
11360,running
11361,running
11362,running
11363,running
11364,running
11365,running
11366,running
11367,running
11368,running
11369,running
11370,running
11371,running
11372,running
11373,running
11374,running
11375,running
11376,running
11377,running
11378,running
11379,running
11380,running
11381,running
11382,other
11383,other
11384,other
11385,other
11386,other
11387,other
11388,other
11389,other
11390,other
11391,other
11392,other
11393,other
11394,other
11395,other
11396,other
11397,other
11398,other
11399,other
11400,other
11401,other
11402,other
11403,other
11404,other
11405,other
11406,other
11407,other
11408,other
11409,other
11410,other
11411,other
11412,other
11413,other
11414,other
11415,other
11416,other
11417,other
11418,other
11419,other
11420,other
11421,other
11422,other
11423,other
11424,other
11425,other
11426,other
11427,other
11428,other
11429,other
11430,other
11431,other
11432,other
11433,other
11434,other
11435,other
11436,other
11437,other
11438,other
11439,other
11440,other
11441,other
11442,other
11443,other
11444,other
11445,other
11446,other
11447,other
11448,other
11449,other
11450,other
11451,other
11452,other
11453,other
11454,other
11455,other
11456,other
11457,other
11458,other
11459,other
11460,other
11461,other
11462,other
11463,other
11464,other
11465,other
11466,other
11467,other
11468,other
11469,other
11470,other
11471,other
11472,other
11473,other
11474,other
11475,other
11476,other
11477,other
11478,running
11479,running
11480,running
11481,running
11482,running
11483,walking
11484,walking
11485,walking
11486,walking
11487,walking
11488,walking
11489,walking
11490,walking
11491,walking
11492,walking
11493,walking
11494,walking
11495,walking
11496,walking
11497,walking
11498,walking
11499,walking
11500,walking
11501,walking
11502,walking
11503,walking
11504,walking
11505,walking
11506,walking
11507,walking
11508,walking
11509,walking
11510,walking
11511,walking
11512,walking
11513,walking
11514,walking
11515,walking
11516,walking
11517,walking
11518,walking
